{"cameraMode":{"drawMode":0,"name":"Shaded","section":"Shading Mode"},"sceneLighting":true,"audioPlay":false,"sceneViewState":{"m_AlwaysRefresh":false,"showFog":true,"showSkybox":true,"showFlares":true,"showImageEffects":true,"showParticleSystems":true,"showVisualEffectGraphs":true,"m_FxEnabled":false},"in2DMode":false,"pivot":{"x":-0.0000019073486328125,"y":-9.5367431640625e-7,"z":0.7499995231628418},"rotation":{"x":-0.09902487695217133,"y":0.049239274114370349,"z":-0.004905862733721733,"w":-0.9938511252403259},"size":17.504329681396486,"orthographic":false}